"lecture","deck","slide","slide_title","issue","item"
"ds_03_fit","ds_fit",3,"","no alt text","../shared_media/images/spine_map.png"
"ds_03_fit","ds_fit",3,"","no alt text","media/spine_map_lec_03.png"
"ds_03_fit","ds_fit",4,"","no alt text","../shared_media/images/dsr2_fig_04_39_workflow.png"
"ds_03_fit","ds_fit",6,"Birnbaum revisited","no alt text","../shared_media/images/date_night_small.png"
"ds_03_fit","ds_fit",7,"The model","no alt text","ds_fit_files/figure-revealjs/unnamed-chunk-8-1.png"
"ds_03_fit","ds_fit",8,"Extending the linear model","no alt text","ds_fit_files/figure-revealjs/unnamed-chunk-10-1.png"
"ds_03_fit","ds_fit",19,"Is the average energy score a good fit?","no alt text","ds_fit_files/figure-revealjs/unnamed-chunk-22-1.png"
"ds_03_fit","ds_fit",19,"Is the average energy score a good fit?","no alt text","media/ts_1989.png"
"ds_03_fit","ds_fit",20,"Is the average energy score a good fit?","no alt text","ds_fit_files/figure-revealjs/unnamed-chunk-23-1.png"
"ds_03_fit","ds_fit",20,"Is the average energy score a good fit?","no alt text","media/ts_1989.png"
"ds_03_fit","ds_fit",21,"Is the average energy score a good fit?","no alt text","ds_fit_files/figure-revealjs/unnamed-chunk-24-1.png"
"ds_03_fit","ds_fit",21,"Is the average energy score a good fit?","no alt text","media/ts_1989.png"
"ds_03_fit","ds_fit",22,"Is the average energy score a good fit?","no alt text","ds_fit_files/figure-revealjs/unnamed-chunk-25-1.png"
"ds_03_fit","ds_fit",22,"Is the average energy score a good fit?","no alt text","media/ts_1989.png"
"ds_03_fit","ds_fit",24,"Is the average energy score a good fit?","no alt text","ds_fit_files/figure-revealjs/unnamed-chunk-26-1.png"
"ds_03_fit","ds_fit",24,"Is the average energy score a good fit?","no alt text","ds_fit_files/figure-revealjs/unnamed-chunk-27-1.png"
"ds_03_fit","ds_fit",24,"Is the average energy score a good fit?","no alt text","media/ts_1989.png"
"ds_03_fit","ds_fit",24,"Is the average energy score a good fit?","no alt text","media/piece_of_mind.jpg"
"ds_03_fit","ds_fit",25,"Is the average energy score a good fit?","no alt text","ds_fit_files/figure-revealjs/unnamed-chunk-28-1.png"
"ds_03_fit","ds_fit",25,"Is the average energy score a good fit?","no alt text","ds_fit_files/figure-revealjs/unnamed-chunk-29-1.png"
"ds_03_fit","ds_fit",25,"Is the average energy score a good fit?","no alt text","media/ts_1989.png"
"ds_03_fit","ds_fit",25,"Is the average energy score a good fit?","no alt text","media/piece_of_mind.jpg"
"ds_03_fit","ds_fit",26,"Is the average energy score a good fit?","no alt text","ds_fit_files/figure-revealjs/unnamed-chunk-30-1.png"
"ds_03_fit","ds_fit",26,"Is the average energy score a good fit?","no alt text","ds_fit_files/figure-revealjs/unnamed-chunk-31-1.png"
"ds_03_fit","ds_fit",26,"Is the average energy score a good fit?","no alt text","media/ts_1989.png"
"ds_03_fit","ds_fit",26,"Is the average energy score a good fit?","no alt text","media/piece_of_mind.jpg"
"ds_03_fit","ds_fit",28,"Is the average energy score a good fit?","no alt text","ds_fit_files/figure-revealjs/unnamed-chunk-32-1.png"
"ds_03_fit","ds_fit",28,"Is the average energy score a good fit?","no alt text","ds_fit_files/figure-revealjs/unnamed-chunk-33-1.png"
"ds_03_fit","ds_fit",28,"Is the average energy score a good fit?","no alt text","media/ts_1989.png"
"ds_03_fit","ds_fit",28,"Is the average energy score a good fit?","no alt text","media/piece_of_mind.jpg"
"ds_03_fit","ds_fit",33,"","no alt text","../shared_media/images/ss_pumpkin_pie.png"
"ds_03_fit","ds_fit",34,"","no alt text","ds_fit_files/figure-revealjs/unnamed-chunk-50-1.png"
"ds_03_fit","ds_fit",35,"","no alt text","ds_fit_files/figure-revealjs/unnamed-chunk-51-1.png"
"ds_03_fit","ds_fit",36,"","no alt text","ds_fit_files/figure-revealjs/unnamed-chunk-52-1.png"
"ds_03_fit","ds_fit",37,"","no alt text","ds_fit_files/figure-revealjs/unnamed-chunk-54-1.png"
"ds_03_fit","ds_fit",38,"","no alt text","ds_fit_files/figure-revealjs/unnamed-chunk-55-1.png"
"ds_03_fit","ds_fit",39,"","no alt text","ds_fit_files/figure-revealjs/unnamed-chunk-56-1.png"
"ds_03_fit","ds_fit",40,"","no alt text","ds_fit_files/figure-revealjs/unnamed-chunk-57-1.png"
"ds_03_fit","ds_fit",41,"","no alt text","ds_fit_files/figure-revealjs/unnamed-chunk-59-1.png"
"ds_03_fit","ds_fit",42,"","no alt text","ds_fit_files/figure-revealjs/unnamed-chunk-60-1.png"
"ds_03_fit","ds_fit",43,"","no alt text","ds_fit_files/figure-revealjs/unnamed-chunk-61-1.png"
"ds_03_fit","ds_fit",44,"","no alt text","ds_fit_files/figure-revealjs/unnamed-chunk-62-1.png"
"ds_03_fit","ds_fit",45,"","no alt text","ds_fit_files/figure-revealjs/unnamed-chunk-64-1.png"
"ds_03_fit","ds_fit",46,"","no alt text","ds_fit_files/figure-revealjs/unnamed-chunk-65-1.png"
"ds_03_fit","ds_fit",47,"","no alt text","../shared_media/images/ss_pumpkin_pie.png"
"ds_03_fit","ds_fit",48,"Extending the linear model","no alt text","ds_fit_files/figure-revealjs/unnamed-chunk-66-1.png"
"ds_03_fit","ds_fit",49,"Extending the linear model (SST)","no alt text","ds_fit_files/figure-revealjs/unnamed-chunk-67-1.png"
"ds_03_fit","ds_fit",50,"Extending the linear model (SSR)","no alt text","ds_fit_files/figure-revealjs/unnamed-chunk-68-1.png"
"ds_03_fit","ds_fit",51,"Extending the linear model (SSM)","no alt text","ds_fit_files/figure-revealjs/unnamed-chunk-69-1.png"
